{"accuracy": 0.8266666531562805, "precision": 0.2866666666666667, "recall": 0.31333333333333335}